<?xml version="1.0" encoding="UTF-8"?>
<?xml-stylesheet href = "detail.xsl" type = "text/xsl" version = "1.0"?>
<!-- Author HAIQI DONG -->
<!-- ID 217196731 -->
<CATALOG>
        <FURNITURE>
            <CHAIR>
                <ID>1</ID>
                <PRODUCT>Emma Tub Armchair</PRODUCT>
                <BRAND>Universal</BRAND>
                <PRICE>170</PRICE>
                <DETAIL>The Emma Armchair is sure to be your chair of choice in any room. The fabric-upholstered seat has been covered with delicate linen fabric and filled with 17cm thick foam cushioning for extra comfort.
                </DETAIL>
                <MATERIAL>Linen fabric</MATERIAL>
                <CARE>Wood</CARE>
                <IMAGE1>img/chairs/emma-tub-armchair-1.jpg</IMAGE1>
                <IMAGE2>img/chairs/emma-tub-armchair-2.jpg</IMAGE2>
                <ADS>Its solid rubberwood legs feature a contemporary criss-cross design for stability.</ADS>
            </CHAIR>
        </FURNITURE>

        <FURNITURE>
            <CHAIR>
                <ID>2</ID>
                <PRODUCT>Spencer Swivel Chair</PRODUCT>
                <BRAND>Ikea</BRAND>
                <PRICE>199</PRICE>
                <DETAIL>Add a touch of cutting edge style to your living room with the Spencer Swivel Chair. Stylishly upholstered in smart polyurethane with button-back detailing, the modern European design will add a contemporary flourish to any home.</DETAIL>
                <MATERIAL>Linen fabric</MATERIAL>
                <CARE>Wood</CARE>
                <ADS>The slim metal base and armless design makes this compact statement chair a great space saver and the padded seat and back provide generous comfort.</ADS>
                <IMAGE1>img/chairs/spencer-swivel-chair-1.jpg</IMAGE1>
                <IMAGE2>img/chairs/spencer-swivel-chair-2.jpg</IMAGE2>
            </CHAIR>
        </FURNITURE>

        <FURNITURE>
            <CHAIR>
                <ID>3</ID>
                <IMAGE1>img/chairs/carter-tub-chair-1.jpg</IMAGE1>
                <IMAGE2>img/chairs/carter-tub-chair-2.jpg</IMAGE2>
                <PRODUCT>Carter Tub Chair</PRODUCT>
                <BRAND>The factory</BRAND>
                <PRICE>169</PRICE>
                <DETAIL>With a deep back and sides and a smooth, rounded design, this smart chair will cocoon you while you sit or curl up.  Stylish and comfortable, the Carter Chair makes a great occasional chair for the home or office.</DETAIL>
                <MATERIAL>Linen fabric</MATERIAL>
                <CARE>Wood</CARE>
                <ADS>Generously padded for comfort, this chair is upholstered in easy-to-clean polyurethane – great for busy households and work reception areas.</ADS>
            </CHAIR>
        </FURNITURE>

        <FURNITURE>
            <CHAIR>
                <ID>4</ID>
                <IMAGE1>img/chairs/jazz-armchair-1.jpg</IMAGE1>
                <IMAGE2>img/chairs/jazz-armchair-2.jpg</IMAGE2>
                <PRODUCT>Jazz Armchair</PRODUCT>
                <BRAND>Fantastic</BRAND>
                <PRICE>349</PRICE>
                <DETAIL>Jazz up your lounge room with the fabulous Jazz Armchair, featuring an ultra trendy design with streamlined arms, timber legs and plump seats. Stitched and pulled-in back cushions give this sofa a designer flair.</DETAIL>
                <MATERIAL>Linen fabric</MATERIAL>
                <CARE>Wood</CARE>
                <ADS>Deep seats with black cat webbing, provide the ultimate in comfort while the ergonomic design ensures your get the support you need while you relax in style.</ADS>
            </CHAIR>
        </FURNITURE>

        <FURNITURE>
            <BED>
                <ID>5</ID>
                <IMAGE1>img/beds/gecko-single-bed-trundle-1.jpg</IMAGE1>
                <IMAGE2>img/beds/gecko-single-bed-trundle-2.jpg</IMAGE2>
                <PRODUCT>Gecko Single Bed Trundle</PRODUCT>
                <BRAND>Universal</BRAND>
                <PRICE>69</PRICE>
                <DETAIL>Make the most of your space and manage sleepovers without the hassle. The super-convenient Gecko Trundle is built from strong tubular steel and powder coated for superior chip resistance. Lockable wheels allow you to simply roll out the trundle when needed and store back under the bed when not in use. (Mattress Not Included)</DETAIL>
                <MATERIAL>Steel</MATERIAL>
                <CARE>No care info</CARE>
                <ADS>Featuring a solid steel tube frame and locakable wheels for stability this trundle has been built to last.</ADS>
            </BED>
        </FURNITURE>

        <FURNITURE>
            <BED>
                <ID>6</ID>
                <IMAGE1>img/beds/bingo-single-bed-1.jpg</IMAGE1>
                <IMAGE2>img/beds/bingo-single-bed-2.jpg</IMAGE2>
                <PRODUCT>Bingo Single Bed</PRODUCT>
                <BRAND>Ikea</BRAND>
                <PRICE>69</PRICE>
                <DETAIL>Bingo! You've found the best value bed in town. With a metal frame and a straightforward design this bed has sturdy contruction, is easy to decorate and has plenty of storage space underneath.</DETAIL>
                <MATERIAL>Steel</MATERIAL>
                <CARE>No care info</CARE>
                <ADS>The matte black frame is easy to coordinate with a wide range of bed linen.</ADS>
            </BED>
        </FURNITURE>

        <FURNITURE>
            <BED>
                <ID>7</ID>
                <IMAGE1>img/beds/zac-single-bed-1.jpg</IMAGE1>
                <IMAGE2>img/beds/zac-single-bed-2.jpg</IMAGE2>
                <PRODUCT>Zac Single Bed</PRODUCT>
                <BRAND>Fantastic</BRAND>
                <PRICE>99</PRICE>
                <DETAIL>The Zac single bed combines solid pine and metal dowels to create a bed with a versatile, light look. (Mattress not included).</DETAIL>
                <MATERIAL>Wood</MATERIAL>
                <CARE>No care info</CARE>
                <ADS>A 5 stage staining and lacquering process done by hand, results in a rich and durable finish that wears, knocks and scratches well. Variations in the wood are to be expected.</ADS>
            </BED>
        </FURNITURE>

        <FURNITURE>
            <BED>
                <ID>8</ID>
                <IMAGE1>img/beds/my-first-toddler-bed-1.jpg</IMAGE1>
                <IMAGE2>img/beds/my-first-toddler-bed-2.jpg</IMAGE2><PRODUCT>My First Toddler Bed</PRODUCT>
                <BRAND>Artdeco</BRAND>
                <PRICE>129</PRICE>
                <DETAIL>Set low to the ground for easy access, little ones will feel so grown-up when they climb into bed all by themselves with this fabulous first bed.  High sides provide comfort and security so toddlers can sleep soundly all night long.</DETAIL>
                <MATERIAL>Wood</MATERIAL>
                <CARE>No care info</CARE>
                <ADS>Finished in a stylish light oak and white, the look is smart and contemporary and suits both boys and girls rooms alike.</ADS>
            </BED>
        </FURNITURE>

        <FURNITURE>
            <STORAGE>
                <ID>9</ID>
                <IMAGE1>img/storage/lynx-small-wide-bookcase-1.jpg</IMAGE1>
                <IMAGE2>img/storage/lynx-small-wide-bookcase-2.jpg</IMAGE2>
                <PRODUCT>Lynx Small Wide Bookcase</PRODUCT>
                <BRAND>Universal</BRAND>
                <PRICE>59</PRICE>
                <DETAIL>Adjustable shelves allow you to display items of different heights. Create a stylish cabinet and prevent dust build up by adding two glass doors.</DETAIL>
                <MATERIAL>Wood</MATERIAL>
                <CARE>No care info</CARE>
                <ADS>Add glass doors to create a stylish cabinet for glassware, ornaments or office files.</ADS>
            </STORAGE>
        </FURNITURE>

        <FURNITURE>
            <STORAGE>
                <ID>10</ID>
                <IMAGE1>img/storage/coda-2-drawer-insert-1.jpg</IMAGE1>
                <IMAGE2>img/storage/coda-2-drawer-insert-2.jpg</IMAGE2>
                <PRODUCT>Coda 2 Drawer Insert</PRODUCT>
                <BRAND>Ikea</BRAND>
                <PRICE>59</PRICE>
                <DETAIL>This handy 2-drawer unit provides great additional storage where you need it most. Use as a shelf insert with the Coda 6 and 10 Shelf bookcase, as a wardrobe insert or as a free-standing drawer unit for your desk or shelf to keep paperwork and stationery neatly stored away.</DETAIL>
                <MATERIAL>Wood</MATERIAL>
                <CARE>No care info</CARE>
                <ADS>Smooth metal runners make these drawers easy to open and close for everyday ease of use. </ADS>
            </STORAGE>
        </FURNITURE>

        <FURNITURE>
            <STORAGE>
                <ID>11</ID>
                <IMAGE1>img/storage/alpine-2-door-wardobe-1.jpg</IMAGE1>
                <IMAGE2>img/storage/alpine-2-door-wardobe-2.jpg</IMAGE2>
                <PRODUCT>Alpine 2 Door Wardob</PRODUCT>
                <BRAND>Ikea</BRAND>
                <PRICE>99</PRICE>
                <DETAIL>The sleek look and incredible price of this robe make it a smart buy. With plenty of hanging space it's an ideal storage solution in the in the spareroom or kids room. Hanging rail is included.</DETAIL>
                <MATERIAL>Wood</MATERIAL>
                <CARE>No care info</CARE>
                <ADS>Sleek, silver coloured handles and a smart brown-black finish give a stylish, contemporary look.</ADS>
            </STORAGE>
        </FURNITURE>

        <FURNITURE>
            <STORAGE>
                <ID>12</ID>
                <IMAGE1>img/storage/home-2-door-wardrobe-1.jpg</IMAGE1>
                <IMAGE2>img/storage/home-2-door-wardrobe-2.jpg</IMAGE2>
                <PRODUCT>Home 2 Door Wardrobe</PRODUCT>
                <BRAND>Artdeco</BRAND>
                <PRICE>459</PRICE>
                <DETAIL>Get the look and convenience of a built-in wardrobes without the need to commit to expensive home renovations. The freestanding 120 cm Home Robe features two aluminium framed sliding doors, a fixed top shelf, and a strong hanging rail. Cheating has never been easier with this no fuss solution.</DETAIL>
                <MATERIAL>Wood</MATERIAL>
                <CARE>No care info</CARE>
                <ADS>Shock-absorbing bumper strips reduce noise and impact when opening and closing the doors. </ADS>
            </STORAGE>
        </FURNITURE>

        <FURNITURE>
            <TABLE>
                <ID>13</ID>
                <IMAGE1>img/tables/host-tray-table-1.jpg</IMAGE1>
                <IMAGE2>img/tables/host-tray-table-2.jpg</IMAGE2>
                <PRODUCT>Host Tray Table</PRODUCT>
                <BRAND>Universal</BRAND>
                <PRICE>29</PRICE>
                <DETAIL>This handy tray table folds flat and stores neatly out of the way when not in use, making a great space saving furniture choice for occasional use.</DETAIL>
                <MATERIAL>Wood</MATERIAL>
                <CARE>No care info</CARE>
                <ADS>This tidy table makes entertaining and TV dinners quick and easy.</ADS>
            </TABLE>
        </FURNITURE>

        <FURNITURE>
            <TABLE>
                <ID>14</ID>
                <IMAGE1>img/tables/geomulti-use-table-1.jpg</IMAGE1>
                <IMAGE2>img/tables/geomulti-use-table-2.jpg</IMAGE2>
                <PRODUCT>Geo Multi-Use Table</PRODUCT>
                <BRAND>Ikea</BRAND>
                <PRICE>40</PRICE>
                <DETAIL>For a handy coffee table or TV stand with storage, check out the versatile Geo Multi-Use table.</DETAIL>
                <MATERIAL>Wood</MATERIAL>
                <CARE>No care info</CARE>
                <ADS>This utility table is great for everyday use thanks to its hardwearing melamine top.</ADS>
            </TABLE>
        </FURNITURE>

        <FURNITURE>
            <TABLE>
                <ID>15</ID>
                <IMAGE1>img/tables/hayman-coffee-table-1.jpg</IMAGE1>
                <IMAGE2>img/tables/hayman-coffee-table-2.jpg</IMAGE2>
                <PRODUCT>Hayman Coffee Table</PRODUCT>
                <BRAND>Fantastic</BRAND>
                <PRICE>99</PRICE>
                <DETAIL>Add a relaxed vibe to your lounge room with this smart white Hayman Coffee Table. Featuring slatted sides and a slimline design, this versatile coffee table will add a laid-back coastal look to your home.</DETAIL>
                <MATERIAL>Wood</MATERIAL>
                <CARE>No care info</CARE>
                <ADS>A generously sized top and shelf underneath gives plenty of room to store reading material and keep remotes to hand.</ADS>
            </TABLE>
        </FURNITURE>

        <FURNITURE>
            <TABLE>
                <ID>16</ID>
                <IMAGE1>img/tables/studio-coffee-table-1.jpg</IMAGE1>
                <IMAGE2>img/tables/studio-coffee-table-2.jpg</IMAGE2>
                <PRODUCT>Studio Coffee Table</PRODUCT>
                <BRAND>The factory</BRAND>
                <PRICE>129</PRICE>
                <DETAIL>Featuring a combination of timber look panels and a black metal frame, this smart coffee table will add a touch of industrial style to your home. A warm wood foil finish gives a realistic timber look for a great price.</DETAIL>
                <MATERIAL>Wood</MATERIAL>
                <CARE>Steel</CARE>
                <ADS>The quality foil and metal materials provide a strong, hardwearing surface for long-lasting use, backed by a three-year warranty. </ADS>
            </TABLE>
        </FURNITURE>

        <ACCESSORY>
            <HOMEDECO>
                <ID>17</ID>
                <IMAGE1>img/homeDeco/galaxy-cheval-mirror-1.jpg</IMAGE1>
                <IMAGE2>img/homeDeco/galaxy-cheval-mirror-2.jpg</IMAGE2>
                <PRODUCT>Galaxy Cheval Mirror</PRODUCT>
                <BRAND>Universal</BRAND>
                <PRICE>59</PRICE>
                <DETAIL>Take a good long look at yourself and throw some light around your bedroom with this sleek, modern cheval mirror.</DETAIL>
                <MATERIAL>Glass</MATERIAL>
                <CARE>Metal</CARE>
                <ADS>Available in a range of colours.</ADS>
            </HOMEDECO>
        </ACCESSORY>

        <ACCESSORY>
            <LIGHTING>
                <ID>18</ID>
                <IMAGE1>img/lighting/mackenzie-table-lamp-1.jpg</IMAGE1>
                <IMAGE2>img/lighting/mackenzie-table-lamp-2.jpg</IMAGE2>
                <PRODUCT>Mackenzie Table Lamp</PRODUCT>
                <BRAND>The factory</BRAND>
                <PRICE>49</PRICE>
                <DETAIL>Perfect for the home office or bedroom, this stylish angle poise lamp features a contemporary design in a combination of metal and wood for a funky look. Choose from a black or white finish to suit your interior.</DETAIL>
                <MATERIAL>Plastic</MATERIAL>
                <CARE>Metal</CARE>
                <ADS>Fully assembled, this lamp is packed in one box so you can take it home and use it straight away.</ADS>
            </LIGHTING>
        </ACCESSORY>

        <ACCESSORY>
            <PLANTPOTSTAND>
                <ID>19</ID>
                <IMAGE1>img/plantPotsStands/maine-2-shelf-storage-rack-1.jpg</IMAGE1>
                <IMAGE2>img/plantPotsStands/maine-2-shelf-storage-rack-2.jpg</IMAGE2>
                <PRODUCT>Maine 2 Shelf Storage Rack</PRODUCT>
                <BRAND>Artdeco</BRAND>
                <PRICE>35</PRICE>
                <DETAIL>The Maine 2 Tier Shelving Bench makes storage simple with its charming white painted finish. The unit has 2 wide shelves, great for multipurpose storage in the bathroom or even as a shoe rack.</DETAIL>
                <MATERIAL>Wood</MATERIAL>
                <CARE>No care info</CARE>
                <ADS>The Maine 2 Tier Shelving Bench measures 63cm long, 37cm wide and 53cm tall.</ADS>
            </PLANTPOTSTAND>
        </ACCESSORY>

        <ACCESSORY>
            <TEXTILERUG>
                <ID>20</ID>
                <IMAGE1>img/textilesRugs/oliver-rug-1.jpg</IMAGE1>
                <IMAGE2>img/textilesRugs/oliver-rug-2.jpg</IMAGE2>
                <PRODUCT>Oliver Rug</PRODUCT>
                <BRAND>Artdeco</BRAND>
                <PRICE>79</PRICE>
                <DETAIL>Refresh your space with the tribal energy of a pure cotton rug that has been stonewashed for an authentic vintage look.</DETAIL>
                <MATERIAL>Cotton</MATERIAL>
                <CARE>No care info</CARE>
                <ADS>Hand woven for a lighter weight flatweave, this black and natural white rug is easy to style and features a low profile to fit under doors.</ADS>
            </TEXTILERUG>
        </ACCESSORY>

</CATALOG>